"","X","Group","IPBES.region","IPBES.sub.region","Species.Richness","z.value","sigma_primary_vegetation","sigma_secondary_vegetation","sigma_pastures","sigma_cropland","sigma_tree_plantation","sigma_urban","h_primary_vegetation","h_secondary_vegetation","h_pastures","h_cropland","h_tree_plantation","h_urban"
"1",1,"Forest","Africa","Central Africa",203,0.2,0,0.225253,0.349186,0.4565482,0.4204936,0.2467799,1,0.279125501344877,0.116757404871959,0.047402926862617,0.0653568606470834,0.24244291895122
"2",2,"Forest","Africa","East Africa and adjacent islands",257,0.2,0,0.225253,0.349186,0.4565482,0.4204936,0.2467799,1,0.279125501344877,0.116757404871959,0.047402926862617,0.0653568606470834,0.24244291895122
"3",3,"Forest","Africa","North Africa",23,0.2,0,0.225253,0.349186,0.4565482,0.4204936,0.2467799,1,0.279125501344877,0.116757404871959,0.047402926862617,0.0653568606470834,0.24244291895122
"4",4,"Forest","Africa","Southern Africa",124,0.2,0,0.225253,0.349186,0.4565482,0.4204936,0.2467799,1,0.279125501344877,0.116757404871959,0.047402926862617,0.0653568606470834,0.24244291895122
"5",5,"Forest","Africa","West Africa",137,0.2,0,0.225253,0.349186,0.4565482,0.4204936,0.2467799,1,0.279125501344877,0.116757404871959,0.047402926862617,0.0653568606470834,0.24244291895122
"6",6,"Forest","Americas","Caribbean",149,0.2,0,0.225253,0.349186,0.4565482,0.4204936,0.2467799,1,0.279125501344877,0.116757404871959,0.047402926862617,0.0653568606470834,0.24244291895122
"7",7,"Forest","Americas","Mesoamerica",478,0.2,0,0.225253,0.349186,0.4565482,0.4204936,0.2467799,1,0.279125501344877,0.116757404871959,0.047402926862617,0.0653568606470834,0.24244291895122
"8",8,"Forest","Americas","North America",185,0.2,0,0.225253,0.349186,0.4565482,0.4204936,0.2467799,1,0.279125501344877,0.116757404871959,0.047402926862617,0.0653568606470834,0.24244291895122
"9",9,"Forest","Americas","South America",1336,0.2,0,0.225253,0.349186,0.4565482,0.4204936,0.2467799,1,0.279125501344877,0.116757404871959,0.047402926862617,0.0653568606470834,0.24244291895122
"10",10,"Forest","Asia-Pacific","North-East Asia",287,0.2,0,0.225253,0.349186,0.4565482,0.4204936,0.2467799,1,0.279125501344877,0.116757404871959,0.047402926862617,0.0653568606470834,0.24244291895122
"11",11,"Forest","Asia-Pacific","Oceania",555,0.2,0,0.225253,0.349186,0.4565482,0.4204936,0.2467799,1,0.279125501344877,0.116757404871959,0.047402926862617,0.0653568606470834,0.24244291895122
"12",12,"Forest","Asia-Pacific","South-East Asia",1063,0.2,0,0.225253,0.349186,0.4565482,0.4204936,0.2467799,1,0.279125501344877,0.116757404871959,0.047402926862617,0.0653568606470834,0.24244291895122
"13",13,"Forest","Asia-Pacific","South Asia",229,0.2,0,0.225253,0.349186,0.4565482,0.4204936,0.2467799,1,0.279125501344877,0.116757404871959,0.047402926862617,0.0653568606470834,0.24244291895122
"14",14,"Forest","Asia-Pacific","Western Asia",22,0.2,0,0.225253,0.349186,0.4565482,0.4204936,0.2467799,1,0.279125501344877,0.116757404871959,0.047402926862617,0.0653568606470834,0.24244291895122
"15",15,"Forest","Europe-Central Asia","Central and Western Europe",36,0.2,0,0.225253,0.349186,0.4565482,0.4204936,0.2467799,1,0.279125501344877,0.116757404871959,0.047402926862617,0.0653568606470834,0.24244291895122
"16",16,"Forest","Europe-Central Asia","Central Asia",29,0.2,0,0.225253,0.349186,0.4565482,0.4204936,0.2467799,1,0.279125501344877,0.116757404871959,0.047402926862617,0.0653568606470834,0.24244291895122
"17",17,"Forest","Europe-Central Asia","Eastern Europe",57,0.2,0,0.225253,0.349186,0.4565482,0.4204936,0.2467799,1,0.279125501344877,0.116757404871959,0.047402926862617,0.0653568606470834,0.24244291895122
"18",18,"Non-Forest","Africa","Central Africa",1069,0.2,0,-0.092686,-0.20051512,-0.08884,0.01460109,0.04419295,0.401016118484993,0.624652845541752,1,0.613736798366647,0.372582297799969,0.319899069425201
"19",19,"Non-Forest","Africa","East Africa and adjacent islands",1392,0.2,0,-0.092686,-0.20051512,-0.08884,0.01460109,0.04419295,0.401016118484993,0.624652845541752,1,0.613736798366647,0.372582297799969,0.319899069425201
"20",20,"Non-Forest","Africa","North Africa",706,0.2,0,-0.092686,-0.20051512,-0.08884,0.01460109,0.04419295,0.401016118484993,0.624652845541752,1,0.613736798366647,0.372582297799969,0.319899069425201
"21",21,"Non-Forest","Africa","Southern Africa",1061,0.2,0,-0.092686,-0.20051512,-0.08884,0.01460109,0.04419295,0.401016118484993,0.624652845541752,1,0.613736798366647,0.372582297799969,0.319899069425201
"22",22,"Non-Forest","Africa","West Africa",786,0.2,0,-0.092686,-0.20051512,-0.08884,0.01460109,0.04419295,0.401016118484993,0.624652845541752,1,0.613736798366647,0.372582297799969,0.319899069425201
"23",23,"Non-Forest","Americas","Caribbean",539,0.2,0,-0.092686,-0.20051512,-0.08884,0.01460109,0.04419295,0.401016118484993,0.624652845541752,1,0.613736798366647,0.372582297799969,0.319899069425201
"24",24,"Non-Forest","Americas","Mesoamerica",880,0.2,0,-0.092686,-0.20051512,-0.08884,0.01460109,0.04419295,0.401016118484993,0.624652845541752,1,0.613736798366647,0.372582297799969,0.319899069425201
"25",25,"Non-Forest","Americas","North America",559,0.2,0,-0.092686,-0.20051512,-0.08884,0.01460109,0.04419295,0.401016118484993,0.624652845541752,1,0.613736798366647,0.372582297799969,0.319899069425201
"26",26,"Non-Forest","Americas","South America",1832,0.2,0,-0.092686,-0.20051512,-0.08884,0.01460109,0.04419295,0.401016118484993,0.624652845541752,1,0.613736798366647,0.372582297799969,0.319899069425201
"27",27,"Non-Forest","Asia-Pacific","North-East Asia",942,0.2,0,-0.092686,-0.20051512,-0.08884,0.01460109,0.04419295,0.401016118484993,0.624652845541752,1,0.613736798366647,0.372582297799969,0.319899069425201
"28",28,"Non-Forest","Asia-Pacific","Oceania",930,0.2,0,-0.092686,-0.20051512,-0.08884,0.01460109,0.04419295,0.401016118484993,0.624652845541752,1,0.613736798366647,0.372582297799969,0.319899069425201
"29",29,"Non-Forest","Asia-Pacific","South-East Asia",1364,0.2,0,-0.092686,-0.20051512,-0.08884,0.01460109,0.04419295,0.401016118484993,0.624652845541752,1,0.613736798366647,0.372582297799969,0.319899069425201
"30",30,"Non-Forest","Asia-Pacific","South Asia",1030,0.2,0,-0.092686,-0.20051512,-0.08884,0.01460109,0.04419295,0.401016118484993,0.624652845541752,1,0.613736798366647,0.372582297799969,0.319899069425201
"31",31,"Non-Forest","Asia-Pacific","Western Asia",424,0.2,0,-0.092686,-0.20051512,-0.08884,0.01460109,0.04419295,0.401016118484993,0.624652845541752,1,0.613736798366647,0.372582297799969,0.319899069425201
"32",32,"Non-Forest","Europe-Central Asia","Central and Western Europe",443,0.2,0,-0.092686,-0.20051512,-0.08884,0.01460109,0.04419295,0.401016118484993,0.624652845541752,1,0.613736798366647,0.372582297799969,0.319899069425201
"33",33,"Non-Forest","Europe-Central Asia","Central Asia",380,0.2,0,-0.092686,-0.20051512,-0.08884,0.01460109,0.04419295,0.401016118484993,0.624652845541752,1,0.613736798366647,0.372582297799969,0.319899069425201
"34",34,"Non-Forest","Europe-Central Asia","Eastern Europe",500,0.2,0,-0.092686,-0.20051512,-0.08884,0.01460109,0.04419295,0.401016118484993,0.624652845541752,1,0.613736798366647,0.372582297799969,0.319899069425201
