,zone,entity,zone_type,area_2020,area_2030,area_2050,area_2070,h_forest,h_nonforest,ss_t1_forest,ss_t0_forest,ss_t1_nonforest,ss_t0_nonforest,z,,ss_forest,ss_nonforest
1,Global,Urban,Global,1212318.458,1457800.024,1960314.17,2051144.228,0.242442919,0.319899069,497285.3938,293918.0256,656159.1297,387819.5465,0.2,,-0.62731854,-0.448494997
2,Global,Cropland,Global,18368479.46,13734972.68,12265858.08,10061452.53,0.047402927,0.613736798,476942.2986,870719.6886,6175083.662,11273411.77,0.2,,,
3,Global,Secondary_vegetation,Global,15375309.07,24991351.66,31050779.29,33596172.56,0.279125501,0.624652846,9377548.51,4291640.852,20985944.79,9604230.562,0.2,,,
4,Global,Permanent_crops,Global,1,5999102.132,6528158.146,8714806.263,0.065356861,0.372582298,569572.3785,0.065356861,3246982.542,0.372582298,0.2,,,
5,Global,Pasture,Global,35312155.02,33403448.27,30136895.21,29300443.5,0.116757405,1,3421043.745,4122955.58,29300443.5,35312155.02,0.2,,,
6,Global,Primary_vegetation,Global,79868998.69,70553332.86,68198002.74,66415988.54,1,0.401016118,66415988.54,79868998.69,26633881.93,32028755.84,0.2,,,
7,Africa,Urban,Region,75201.44982,107498.6923,187205.6234,225631.6876,,,,,,,,,,
8,Americas,Urban,Region,331430.1276,388065.257,507704.8334,536160.0575,,,,,,,,,,
9,Antarctica,Urban,Region,0,0,0,0,,,,,,,,,,
10,Asia and the Pacific,Urban,Region,219877.1006,277011.6729,392329.451,389957.0118,,,,,,,,,,
11,Europe and Central Asia,Urban,Region,174816.6875,197007.8341,250445.3187,250044.667,,,,,,,,,,
12,Africa,Cropland,Region,3005227.049,933123.9317,974320.6901,652835.1717,,,,,,,,,,
13,Americas,Cropland,Region,4213027.702,3057646.311,2523616.794,2436313.57,,,,,,,,,,
14,Antarctica,Cropland,Region,0,0,0,0,,,,,,,,,,
15,Asia and the Pacific,Cropland,Region,5767191.06,4595101.025,4124138.764,2841546.434,,,,,,,,,,
16,Europe and Central Asia,Cropland,Region,3638309.899,3914584.712,3593400.317,3451043.42,,,,,,,,,,
17,Africa,Secondary_vegetation,Region,1984905.637,3361125.227,4019322.061,4518427.321,,,,,,,,,,
18,Americas,Secondary_vegetation,Region,3867305.487,6843174.581,9221389.63,9695367.701,,,,,,,,,,
19,Antarctica,Secondary_vegetation,Region,0,0,0,0,,,,,,,,,,
20,Asia and the Pacific,Secondary_vegetation,Region,3528545.574,5633634.803,6682419.914,7448558.907,,,,,,,,,,
21,Europe and Central Asia,Secondary_vegetation,Region,3739656.292,5351660.063,6712053.847,7169597.887,,,,,,,,,,
22,Africa,Permanent_crops,Region,0,2674090.613,3218890.22,3846704.8,,,,,,,,,,
23,Americas,Permanent_crops,Region,0,1469643.264,1367366.484,1423254.674,,,,,,,,,,
24,Antarctica,Permanent_crops,Region,0,0,0,0,,,,,,,,,,
25,Asia and the Pacific,Permanent_crops,Region,0,1376443.314,1428152.225,2597123.291,,,,,,,,,,
26,Europe and Central Asia,Permanent_crops,Region,0,0,0,0,,,,,,,,,,
27,Africa,Pasture,Region,8636218.534,8327034.531,7211224.578,6440494.119,,,,,,,,,,
28,Americas,Pasture,Region,8464164.738,7685842.97,6644603.068,6893226.316,,,,,,,,,,
29,Antarctica,Pasture,Region,0,0,0,0,,,,,,,,,,
30,Asia and the Pacific,Pasture,Region,11359795.63,11318207.95,10860845.13,10536561.02,,,,,,,,,,
31,Europe and Central Asia,Pasture,Region,4639484.541,4373731.789,3948530.793,3956567.579,,,,,,,,,,
32,Africa,Primary_vegetation,Region,16157140.92,14455820.58,14247730.41,14174600.49,,,,,,,,,,
33,Americas,Primary_vegetation,Region,23592904.16,21024459.83,20204151.41,19484509.89,,,,,,,,,,
34,Antarctica,Primary_vegetation,Region,1519.044169,1519.044169,1519.044169,1519.044169,,,,,,,,,,
35,Asia and the Pacific,Primary_vegetation,Region,13829031.34,11504041.93,11216555.22,10890694.03,,,,,,,,,,
36,Europe and Central Asia,Primary_vegetation,Region,15629256.85,13986758.84,13319312.95,12996489.68,,,,,,,,,,
37,Antarctica,Urban,Sub_Region,0,0,0,0,,,,,,,,,,
38,Caribbean,Urban,Sub_Region,7253.264361,9489.803613,12595.658,13365.54539,,,,,,,,,,
39,Central Africa,Urban,Sub_Region,6592.746615,9659.730149,18891.34119,23440.42367,,,,,,,,,,
40,Central Asia,Urban,Sub_Region,9754.244286,13352.46502,21202.38937,21367.85758,,,,,,,,,,
41,Central and Western Europe,Urban,Sub_Region,130199.9642,146854.8374,188529.4727,193736.0712,,,,,,,,,,
42,East Africa and adjacent islands,Urban,Sub_Region,10613.72617,15725.33347,31388.0119,39115.3933,,,,,,,,,,
43,Eastern Europe,Urban,Sub_Region,34862.47896,36800.53175,40713.45659,34940.73823,,,,,,,,,,
44,Mesoamerica,Urban,Sub_Region,20207.99902,24096.89875,31806.72001,30868.22968,,,,,,,,,,
45,North Africa,Urban,Sub_Region,19466.22527,27178.61199,42837.27239,46852.90872,,,,,,,,,,
46,North America,Urban,Sub_Region,244961.2948,285758.9274,379410.7709,411126.5812,,,,,,,,,,
47,North-East Asia,Urban,Sub_Region,93123.80809,108262.7731,132900.6832,117533.9217,,,,,,,,,,
48,Oceania,Urban,Sub_Region,22429.71058,26697.65907,35271.80157,37546.83317,,,,,,,,,,
49,South America,Urban,Sub_Region,59007.56941,68719.62717,83891.68448,80799.7012,,,,,,,,,,
50,South Asia,Urban,Sub_Region,48995.71684,69185.01658,113207.0455,117288.0542,,,,,,,,,,
51,South-East Asia,Urban,Sub_Region,35449.71221,47233.0556,73676.69735,77363.89705,,,,,,,,,,
52,Southern Africa,Urban,Sub_Region,16206.13847,22826.93199,38402.46299,48229.08212,,,,,,,,,,
53,West Africa,Urban,Sub_Region,22322.6133,32108.08474,55686.53489,67993.8798,,,,,,,,,,
54,Western Asia,Urban,Sub_Region,19878.15292,25633.16865,37273.22339,40224.30571,,,,,,,,,,
55,Antarctica,Cropland,Sub_Region,0,0,0,0,,,,,,,,,,
56,Caribbean,Cropland,Sub_Region,72975.59356,19674.2725,13030.05548,2771.218327,,,,,,,,,,
57,Central Africa,Cropland,Sub_Region,300094.4208,41275.11919,15338.33905,1359.808604,,,,,,,,,,
58,Central Asia,Cropland,Sub_Region,384509.1755,401558.8971,450585.7476,408296.0526,,,,,,,,,,
59,Central and Western Europe,Cropland,Sub_Region,1525147.749,1672913.084,1478576.728,1390047.067,,,,,,,,,,
60,East Africa and adjacent islands,Cropland,Sub_Region,646235.0183,195586.3743,238965.9007,120160.7352,,,,,,,,,,
61,Eastern Europe,Cropland,Sub_Region,1728652.975,1840112.732,1664237.842,1652700.3,,,,,,,,,,
62,Mesoamerica,Cropland,Sub_Region,343041.3315,139907.2592,77201.13687,71917.96312,,,,,,,,,,
63,North Africa,Cropland,Sub_Region,595528.3625,415266.8757,393044.3493,344141.0611,,,,,,,,,,
64,North America,Cropland,Sub_Region,2109758.573,2301207.116,1984568.151,1929425.976,,,,,,,,,,
65,North-East Asia,Cropland,Sub_Region,1408483.454,1370346.907,1263915.091,1093739.467,,,,,,,,,,
66,Oceania,Cropland,Sub_Region,518912.885,508147.7155,466184.889,426765.8298,,,,,,,,,,
67,South America,Cropland,Sub_Region,1687252.204,596857.6631,448817.4504,432198.4119,,,,,,,,,,
68,South Asia,Cropland,Sub_Region,2475889.92,2087052.049,1917225.316,1142400.239,,,,,,,,,,
69,South-East Asia,Cropland,Sub_Region,1216864.854,475956.5214,314017.5726,23470.34501,,,,,,,,,,
70,Southern Africa,Cropland,Sub_Region,379814.9995,142797.3254,284752.5161,170584.0878,,,,,,,,,,
71,West Africa,Cropland,Sub_Region,1083554.248,138198.2372,42219.58506,16589.4789,,,,,,,,,,
72,Western Asia,Cropland,Sub_Region,147039.9475,153597.8325,162795.8956,155170.5535,,,,,,,,,,
73,Antarctica,Secondary_vegetation,Sub_Region,0,0,0,0,,,,,,,,,,
74,Caribbean,Secondary_vegetation,Sub_Region,15799.12897,43397.35009,49091.04702,47001.32482,,,,,,,,,,
75,Central Africa,Secondary_vegetation,Sub_Region,722275.0916,1044310.226,1081182.708,1112541.715,,,,,,,,,,
76,Central Asia,Secondary_vegetation,Sub_Region,163536.1936,385852.5085,391966.4855,414944.3005,,,,,,,,,,
77,Central and Western Europe,Secondary_vegetation,Sub_Region,1858325.726,2621881.956,3132556.639,3379436.549,,,,,,,,,,
78,East Africa and adjacent islands,Secondary_vegetation,Sub_Region,402850.7468,766313.7193,794437.1367,948650.6694,,,,,,,,,,
79,Eastern Europe,Secondary_vegetation,Sub_Region,1717794.372,2343925.599,3187530.723,3375217.037,,,,,,,,,,
80,Mesoamerica,Secondary_vegetation,Sub_Region,107871.0977,236971.4131,401895.0654,369992.6707,,,,,,,,,,
81,North Africa,Secondary_vegetation,Sub_Region,104909.3423,248338.3364,409137.0326,438455.8827,,,,,,,,,,
82,North America,Secondary_vegetation,Sub_Region,2079664.236,3958140.39,5394234.014,5994483.265,,,,,,,,,,
83,North-East Asia,Secondary_vegetation,Sub_Region,1189574.66,2508616.833,2980191.9,3538006.831,,,,,,,,,,
84,Oceania,Secondary_vegetation,Sub_Region,831795.2987,964633.7745,1070246.603,1089948.017,,,,,,,,,,
85,South America,Secondary_vegetation,Sub_Region,1663971.024,2604665.427,3376169.504,3283890.44,,,,,,,,,,
86,South Asia,Secondary_vegetation,Sub_Region,809919.7335,1161064.603,1342517.555,1424543.159,,,,,,,,,,
87,South-East Asia,Secondary_vegetation,Sub_Region,680981.892,872721.341,1156191.186,1256293.136,,,,,,,,,,
88,Southern Africa,Secondary_vegetation,Sub_Region,354239.5531,518092.6836,811092.9719,1154000.26,,,,,,,,,,
89,West Africa,Secondary_vegetation,Sub_Region,400630.9034,784070.2611,923472.2111,864778.7945,,,,,,,,,,
90,Western Asia,Secondary_vegetation,Sub_Region,16273.98962,126598.2516,133272.6695,139767.7634,,,,,,,,,,
91,Antarctica,Permanent_crops,Sub_Region,0,0,0,0,,,,,,,,,,
92,Caribbean,Permanent_crops,Sub_Region,0,50491.56656,55815.97262,65733.17246,,,,,,,,,,
93,Central Africa,Permanent_crops,Sub_Region,0,369495.958,460907.1641,521015.5821,,,,,,,,,,
94,Central Asia,Permanent_crops,Sub_Region,0,0,0,0,,,,,,,,,,
95,Central and Western Europe,Permanent_crops,Sub_Region,0,0,0,0,,,,,,,,,,
96,East Africa and adjacent islands,Permanent_crops,Sub_Region,0,495311.9106,649098.3888,774199.8734,,,,,,,,,,
97,Eastern Europe,Permanent_crops,Sub_Region,0,0,0,0,,,,,,,,,,
98,Mesoamerica,Permanent_crops,Sub_Region,0,251393.9356,290320.314,299216.5439,,,,,,,,,,
99,North Africa,Permanent_crops,Sub_Region,0,319857.0148,409840.1669,437844.2913,,,,,,,,,,
100,North America,Permanent_crops,Sub_Region,0,16247.29961,16618.3867,17034.69946,,,,,,,,,,
101,North-East Asia,Permanent_crops,Sub_Region,0,48694.63243,49861.093,107499.393,,,,,,,,,,
102,Oceania,Permanent_crops,Sub_Region,0,62059.01913,68586.48213,72833.04638,,,,,,,,,,
103,South America,Permanent_crops,Sub_Region,0,1151510.463,1004611.81,1041270.259,,,,,,,,,,
104,South Asia,Permanent_crops,Sub_Region,0,505925.0509,532275.8455,1334413.406,,,,,,,,,,
105,South-East Asia,Permanent_crops,Sub_Region,0,757012.5964,774666.1071,1079619.721,,,,,,,,,,
106,Southern Africa,Permanent_crops,Sub_Region,0,393723.1122,460673.6555,749610.8907,,,,,,,,,,
107,West Africa,Permanent_crops,Sub_Region,0,1095702.617,1238370.845,1364034.162,,,,,,,,,,
108,Western Asia,Permanent_crops,Sub_Region,0,2752.015264,2762.696898,2757.72548,,,,,,,,,,
109,Antarctica,Pasture,Sub_Region,0,0,0,0,,,,,,,,,,
110,Caribbean,Pasture,Sub_Region,61017.62121,47793.56531,42347.93189,44046.0031,,,,,,,,,,
111,Central Africa,Pasture,Sub_Region,1054313.955,890981.27,786556.5141,715937.9532,,,,,,,,,,
112,Central Asia,Pasture,Sub_Region,2608451.851,2646655.917,2611257.317,2631818.964,,,,,,,,,,
113,Central and Western Europe,Pasture,Sub_Region,889673.6729,752873.5548,552999.5929,528800.8478,,,,,,,,,,
114,East Africa and adjacent islands,Pasture,Sub_Region,1865918.012,1873509.027,1714704.956,1550137.012,,,,,,,,,,
115,Eastern Europe,Pasture,Sub_Region,1141359.017,974202.3176,784273.8835,795947.7673,,,,,,,,,,
116,Mesoamerica,Pasture,Sub_Region,919682.7132,855384.0515,709700.0293,739664.1036,,,,,,,,,,
117,North Africa,Pasture,Sub_Region,1384113.9,1495075.213,1322656.866,1331807.781,,,,,,,,,,
118,North America,Pasture,Sub_Region,2673726.153,2299277.745,1712620.877,1683905.599,,,,,,,,,,
119,North-East Asia,Pasture,Sub_Region,5188099.902,5186006.917,4835522.218,4438143.044,,,,,,,,,,
120,Oceania,Pasture,Sub_Region,3460741.777,3429767.069,3386154.47,3430155.563,,,,,,,,,,
121,South America,Pasture,Sub_Region,4809738.25,4483387.609,4179934.23,4425610.61,,,,,,,,,,
122,South Asia,Pasture,Sub_Region,1649970.671,1608838.896,1577131.33,1601416.266,,,,,,,,,,
123,South-East Asia,Pasture,Sub_Region,176870.5118,135775.2673,103568.8049,104263.3166,,,,,,,,,,
124,Southern Africa,Pasture,Sub_Region,2874236.361,2833159.219,2361831.417,1870072.653,,,,,,,,,,
125,West Africa,Pasture,Sub_Region,1457636.305,1234309.801,1025474.826,972538.7194,,,,,,,,,,
126,Western Asia,Pasture,Sub_Region,884112.7644,957819.8035,958468.3072,962582.8354,,,,,,,,,,
127,Antarctica,Primary_vegetation,Sub_Region,1519.044169,1519.044169,1519.044169,1519.044169,,,,,,,,,,
128,Caribbean,Primary_vegetation,Sub_Region,100304.9421,86503.99255,84469.88512,84433.28617,,,,,,,,,,
129,Central Africa,Primary_vegetation,Sub_Region,3275868.943,3003422.851,2996269.088,2984849.673,,,,,,,,,,
130,Central Asia,Primary_vegetation,Sub_Region,835998.0073,554829.6878,527237.5348,525822.2993,,,,,,,,,,
131,Central and Western Europe,Primary_vegetation,Sub_Region,1477884.837,688927.478,530788.4756,391430.3723,,,,,,,,,,
132,East Africa and adjacent islands,Primary_vegetation,Sub_Region,1952169.853,1531340.987,1449192.961,1445523.674,,,,,,,,,,
133,Eastern Europe,Primary_vegetation,Sub_Region,13315374,12743001.67,12261286.94,12079237,,,,,,,,,,
134,Mesoamerica,Primary_vegetation,Sub_Region,1096596.847,979646.4302,976476.7239,975740.4778,,,,,,,,,,
135,North Africa,Primary_vegetation,Sub_Region,6569831.702,6168133.481,6096333.845,6074747.608,,,,,,,,,,
136,North America,Primary_vegetation,Sub_Region,12886067.14,11133545.92,10506725.2,9958201.274,,,,,,,,,,
137,North-East Asia,Primary_vegetation,Sub_Region,3689241.233,2346595,2306132.078,2273600.405,,,,,,,,,,
138,Oceania,Primary_vegetation,Sub_Region,3713194.826,3555769.259,3520630.254,3489825.206,,,,,,,,,,
139,South America,Primary_vegetation,Sub_Region,9509935.228,8824763.49,8636479.599,8466134.849,,,,,,,,,,
140,South Asia,Primary_vegetation,Sub_Region,1684495.397,1237205.817,1186914.34,1049210.313,,,,,,,,,,
141,South-East Asia,Primary_vegetation,Sub_Region,2287096.307,2108564.497,1975142.913,1856252.863,,,,,,,,,,
142,Southern Africa,Primary_vegetation,Sub_Region,2319517.284,2033415.061,1987261.314,1951517.366,,,,,,,,,,
143,West Africa,Primary_vegetation,Sub_Region,2039753.133,1719508.198,1718673.199,1717962.168,,,,,,,,,,
144,Western Asia,Primary_vegetation,Sub_Region,2455003.572,2255907.354,2227735.636,2221805.245,,,,,,,,,,