"","zone","zone_type","taxon","year_comparison","weighted_area_0","weighted_area_1","RDelta"
"1","Africa","Region","Forest","2020_2030",17880209.7778507,17139439.0990559,-0.00842675700407269
"2","Africa","Region","Forest","2020_2050",17880209.7778507,16958640.5060185,-0.0105275995828995
"3","Africa","Region","Forest","2020_2070",17880209.7778507,16886321.5271503,-0.0113729504578162
"4","Americas","Region","Forest","2020_2030",25940684.3795027,24758423.4288807,-0.0092859745656737
"5","Americas","Region","Forest","2020_2050",25940684.3795027,24056333.8924365,-0.0149696708461086
"6","Americas","Region","Forest","2020_2070",25940684.3795027,23681711.857493,-0.018056877735643
"7","Antarctica","Region","Forest","2020_2030",1519.04416943512,1519.04416943512,0
"8","Antarctica","Region","Forest","2020_2050",1519.04416943512,1519.04416943512,0
"9","Antarctica","Region","Forest","2020_2070",1519.04416943512,1519.04416943512,0
"10","Antarctica","Sub_Region","Forest","2020_2030",1519.04416943512,1519.04416943512,0
"11","Antarctica","Sub_Region","Forest","2020_2050",1519.04416943512,1519.04416943512,0
"12","Antarctica","Sub_Region","Forest","2020_2070",1519.04416943512,1519.04416943512,0
"13","Asia and the Pacific","Region","Forest","2020_2030",16466968.0278988,14700247.9915165,-0.0224427436499044
"14","Asia and the Pacific","Region","Forest","2020_2050",16466968.0278988,14688647.0612365,-0.0225970832925348
"15","Asia and the Pacific","Region","Forest","2020_2070",16466968.0278988,14595926.1387673,-0.0238341665613553
"16","Caribbean","Sub_Region","Forest","2020_2030",117056.900341963,112692.596926777,-0.00757048119726
"17","Caribbean","Sub_Region","Forest","2020_2050",117056.900341963,111290.607243261,-0.0100521917499862
"18","Caribbean","Sub_Region","Forest","2020_2070",117056.900341963,111054.355253724,-0.0104728489675575
"19","Central Africa","Sub_Region","Forest","2020_2030",3616397.02039635,3374745.67699028,-0.0137364352879119
"20","Central Africa","Sub_Region","Forest","2020_2050",3616397.02039635,3348940.64523399,-0.0152493649910271
"21","Central Africa","Sub_Region","Forest","2020_2070",3616397.02039635,3338082.87935601,-0.0158887364392462
"22","Central Asia","Sub_Region","Forest","2020_2030",1206792.90600689,1144327.91357988,-0.0105734756832317
"23","Central Asia","Sub_Region","Forest","2020_2050",1206792.90600689,1171743.45678194,-0.0058773755080902
"24","Central Asia","Sub_Region","Forest","2020_2070",1206792.90600689,1112873.9168427,-0.0160735328852194
"25","Central and Western Europe","Sub_Region","Forest","2020_2030",2204329.45227791,1934292.02376457,-0.025797796549229
"26","Central and Western Europe","Sub_Region","Forest","2020_2050",2204329.45227791,1751116.48219343,-0.044990467626883
"27","Central and Western Europe","Sub_Region","Forest","2020_2070",2204329.45227791,1671768.76334988,-0.0538065429092921
"28","East Africa and adjacent islands","Sub_Region","Forest","2020_2030",2315682.16897765,2227412.57037983,-0.00774260800321813
"29","East Africa and adjacent islands","Sub_Region","Forest","2020_2050",2315682.16897765,2119336.86201539,-0.0175641360068527
"30","East Africa and adjacent islands","Sub_Region","Forest","2020_2070",2315682.16897765,2113078.74432127,-0.0181450228106653
"31","Eastern Europe","Sub_Region","Forest","2020_2030",14018511.7062539,13556604.9792785,-0.00667856658306631
"32","Eastern Europe","Sub_Region","Forest","2020_2050",14018511.7062539,13198275.2064482,-0.0119861006940418
"33","Eastern Europe","Sub_Region","Forest","2020_2070",14018511.7062539,13057456.504255,-0.0141034750330499
"34","Europe and Central Asia","Region","Forest","2020_2030",17429634.0645387,16635224.916623,-0.00928649857983754
"35","Europe and Central Asia","Region","Forest","2020_2050",17429634.0645387,16121135.1454236,-0.0154869665456685
"36","Europe and Central Asia","Region","Forest","2020_2070",17429634.0645387,15842099.1844475,-0.0189189397162596
"37","Global","Global","Forest","2020_2030",89448232.8360001,84493252.56095,-0.0113329673855415
"38","Global","Global","Forest","2020_2050",89448232.8360001,82724307.0165034,-0.0155078114921274
"39","Global","Global","Forest","2020_2070",89448232.8360001,81730811.9963297,-0.017883947089857
"40","Mesoamerica","Sub_Region","Forest","2020_2030",1255246.63757734,1225422.00816894,-0.00479781277082014
"41","Mesoamerica","Sub_Region","Forest","2020_2050",1255246.63757734,1240941.29130769,-0.00228975045412871
"42","Mesoamerica","Sub_Region","Forest","2020_2070",1255246.63757734,1239246.34255392,-0.00256244545053541
"43","North Africa","Sub_Region","Forest","2020_2030",6793669.35796354,6505292.53013747,-0.00863750470765201
"44","North Africa","Sub_Region","Forest","2020_2050",6793669.35796354,6494840.30450234,-0.00895627931741383
"45","North Africa","Sub_Region","Forest","2020_2070",6793669.35796354,6480693.98361129,-0.00938837163058059
"46","North America","Sub_Region","Forest","2020_2030",13938129.6503301,13065466.7816367,-0.0128478720714624
"47","North America","Sub_Region","Forest","2020_2050",13938129.6503301,12486331.8878596,-0.0217585182433546
"48","North America","Sub_Region","Forest","2020_2070",13938129.6503301,12175443.9171697,-0.0266790733351969
"49","North-East Asia","Sub_Region","Forest","2020_2030",4716374.38357354,4222901.9571173,-0.0218610674510489
"50","North-East Asia","Sub_Region","Forest","2020_2050",4716374.38357354,4304935.78842331,-0.0180900040367157
"51","North-East Asia","Sub_Region","Forest","2020_2070",4716374.38357354,4361475.38808933,-0.0155242319792785
"52","Oceania","Sub_Region","Forest","2020_2030",4379473.24899921,4006409.85183489,-0.0176489822094216
"53","Oceania","Sub_Region","Forest","2020_2050",4379473.24899921,4012425.12320937,-0.0173541765072085
"54","Oceania","Sub_Region","Forest","2020_2070",4379473.24899921,3971805.80232742,-0.0193518223734702
"55","South America","Sub_Region","Forest","2020_2030",10630251.1912534,10354842.0421485,-0.00523615967569191
"56","South America","Sub_Region","Forest","2020_2050",10630251.1912534,10217770.1060261,-0.00788384830556077
"57","South America","Sub_Region","Forest","2020_2070",10630251.1912534,10155967.2425157,-0.00908693876039302
"58","South Asia","Sub_Region","Forest","2020_2030",2232454.03552436,2078052.19911883,-0.0142318425934301
"59","South Asia","Sub_Region","Forest","2020_2050",2232454.03552436,2078664.84899686,-0.0141737247526866
"60","South Asia","Sub_Region","Forest","2020_2070",2232454.03552436,2057116.44765732,-0.0162261593194662
"61","South-East Asia","Sub_Region","Forest","2020_2030",2564104.14878995,2418067.24848515,-0.0116596125849543
"62","South-East Asia","Sub_Region","Forest","2020_2050",2564104.14878995,2312250.78866436,-0.0204652334734177
"63","South-East Asia","Sub_Region","Forest","2020_2070",2564104.14878995,2230433.90046579,-0.0274974714371621
"64","Southern Africa","Sub_Region","Forest","2020_2030",2775916.36172674,2680085.73535053,-0.0070017980495618
"65","Southern Africa","Sub_Region","Forest","2020_2050",2775916.36172674,2628710.12743461,-0.0108383636797811
"66","Southern Africa","Sub_Region","Forest","2020_2070",2775916.36172674,2613526.20271668,-0.0119837298628949
"67","West Africa","Sub_Region","Forest","2020_2030",2378544.86878641,2351902.58619789,-0.00225032207775111
"68","West Africa","Sub_Region","Forest","2020_2050",2378544.86878641,2366812.56683234,-0.000988463067511103
"69","West Africa","Sub_Region","Forest","2020_2070",2378544.86878641,2340939.71714519,-0.00318221872563396
"70","Western Asia","Sub_Region","Forest","2020_2030",2574562.21101182,1974816.73496042,-0.0516586622156879
"71","Western Asia","Sub_Region","Forest","2020_2050",2574562.21101182,1980370.5119426,-0.0511258571848896
"72","Western Asia","Sub_Region","Forest","2020_2070",2574562.21101182,1975094.60022755,-0.0516319765709008
"73","Africa","Region","Non_Forest","2020_2030",18223844.7249185,18088848.1461561,-0.00148594737310026
"74","Africa","Region","Non_Forest","2020_2050",18223844.7249185,17440742.1795134,-0.00874591255252788
"75","Africa","Region","Non_Forest","2020_2070",18223844.7249185,17386030.492544,-0.00936860811268814
"76","Americas","Region","Non_Forest","2020_2030",23032737.2863577,22846514.3746762,-0.00162228312624824
"77","Americas","Region","Non_Forest","2020_2050",23032737.2863577,22342034.8915839,-0.0060708350270009
"78","Americas","Region","Non_Forest","2020_2070",23032737.2863577,22585090.6098423,-0.00391762264351536
"79","Antarctica","Region","Non_Forest","2020_2030",609.161196634131,609.161196634131,0
"80","Antarctica","Region","Non_Forest","2020_2050",609.161196634131,609.161196634131,0
"81","Antarctica","Region","Non_Forest","2020_2070",609.161196634131,609.161196634131,0
"82","Antarctica","Sub_Region","Non_Forest","2020_2030",609.161196634131,609.161196634131,0
"83","Antarctica","Sub_Region","Non_Forest","2020_2050",609.161196634131,609.161196634131,0
"84","Antarctica","Sub_Region","Non_Forest","2020_2070",609.161196634131,609.161196634131,0
"85","Asia and the Pacific","Region","Non_Forest","2020_2030",22719451.9850387,23095283.2793074,0.00328677693493895
"86","Asia and the Pacific","Region","Non_Forest","2020_2050",22719451.9850387,22771909.0041911,0.000461354780206591
"87","Asia and the Pacific","Region","Non_Forest","2020_2070",22719451.9850387,22737133.362973,0.000155601255812376
"88","Caribbean","Sub_Region","Non_Forest","2020_2030",158218.610312314,156827.551577228,-0.00176461767271807
"89","Caribbean","Sub_Region","Non_Forest","2020_2050",158218.610312314,153950.459477857,-0.00545443571890947
"90","Caribbean","Sub_Region","Non_Forest","2020_2070",158218.610312314,154200.545776222,-0.00513152565909347
"91","Central Africa","Sub_Region","Non_Forest","2020_2030",3005449.39756114,3012388.63816918,0.000461351351374484
"92","Central Africa","Sub_Region","Non_Forest","2020_2050",3005449.39756114,2950350.59975008,-0.00369378036330581
"93","Central Africa","Sub_Region","Non_Forest","2020_2070",3005449.39756114,2955502.02611215,-0.00334610525450318
"94","Central Asia","Sub_Region","Non_Forest","2020_2030",3284961.67959326,3255350.78171207,-0.00180935108858082
"95","Central Asia","Sub_Region","Non_Forest","2020_2050",3284961.67959326,3203630.01868127,-0.00500153822156779
"96","Central Asia","Sub_Region","Non_Forest","2020_2070",3284961.67959326,3287710.5140272,0.000167302701277849
"97","Central and Western Europe","Sub_Region","Non_Forest","2020_2030",3620827.90999955,3620301.01405068,-2.9105311481481e-05
"98","Central and Western Europe","Sub_Region","Non_Forest","2020_2050",3620827.90999955,3577050.16986417,-0.0024298866839495
"99","Central and Western Europe","Sub_Region","Non_Forest","2020_2070",3620827.90999955,3589537.96679091,-0.00173433628747821
"100","East Africa and adjacent islands","Sub_Region","Non_Forest","2020_2030",3300424.98686519,3259100.11043292,-0.00251685271196955
"101","East Africa and adjacent islands","Sub_Region","Non_Forest","2020_2050",3300424.98686519,3122024.34013553,-0.0110523936348231
"102","East Africa and adjacent islands","Sub_Region","Non_Forest","2020_2070",3300424.98686519,3161362.89605175,-0.00857264615596565
"103","Eastern Europe","Sub_Region","Non_Forest","2020_2030",8626154.17561503,8679140.07081833,0.00122548672693346
"104","Eastern Europe","Sub_Region","Non_Forest","2020_2050",8626154.17561503,8676831.4215433,0.00117221590849836
"105","Eastern Europe","Sub_Region","Non_Forest","2020_2070",8626154.17561503,8732419.03104597,0.00245173140793398
"106","Europe and Central Asia","Region","Non_Forest","2020_2030",15531943.7652078,15554791.8665811,0.000294034917835972
"107","Europe and Central Asia","Region","Non_Forest","2020_2050",15531943.7652078,15457511.6100887,-0.00096028218143096
"108","Europe and Central Asia","Region","Non_Forest","2020_2070",15531943.7652078,15609667.5118641,0.000998827161055926
"109","Global","Global","Non_Forest","2020_2030",88606372.7424326,88638471.6243141,7.24422648024081e-05
"110","Global","Global","Non_Forest","2020_2050",88606372.7424326,86991669.7660598,-0.00367152697873518
"111","Global","Global","Non_Forest","2020_2070",88606372.7424326,87359957.3463081,-0.00282934152649394
"112","Mesoamerica","Sub_Region","Non_Forest","2020_2030",1643819.32110984,1602770.8943214,-0.0050449210729604
"113","Mesoamerica","Sub_Region","Non_Forest","2020_2050",1643819.32110984,1532041.11016395,-0.0139855769678109
"114","Mesoamerica","Sub_Region","Non_Forest","2020_2070",1643819.32110984,1532660.05707844,-0.0139059195772472
"115","North Africa","Sub_Region","Non_Forest","2020_2030",4455979.12581349,4517011.8910949,0.00272447888279803
"116","North Africa","Sub_Region","Non_Forest","2020_2050",4455979.12581349,4441352.49662953,-0.000657358182534651
"117","North Africa","Sub_Region","Non_Forest","2020_2070",4455979.12581349,4466495.87510588,0.000471583668498976
"118","North America","Sub_Region","Non_Forest","2020_2030",10513514.3245931,10545393.6052918,0.00060570964047213
"119","North America","Sub_Region","Non_Forest","2020_2050",10513514.3245931,10402118.2203248,-0.00212814182447285
"120","North America","Sub_Region","Non_Forest","2020_2070",10513514.3245931,10496848.6945591,-0.000317233736964018
"121","North-East Asia","Sub_Region","Non_Forest","2020_2030",8304844.64266496,8397737.21845333,0.00222712725111962
"122","North-East Asia","Sub_Region","Non_Forest","2020_2050",8304844.64266496,8255736.17698937,-0.00118545349139787
"123","North-East Asia","Sub_Region","Non_Forest","2020_2070",8304844.64266496,8151354.38075034,-0.00372403676626831
"124","Oceania","Sub_Region","Non_Forest","2020_2030",5795027.2296604,5858415.04709194,0.00217815306144109
"125","Oceania","Sub_Region","Non_Forest","2020_2050",5795027.2296604,5673255.20708441,-0.00423841485939214
"126","Oceania","Sub_Region","Non_Forest","2020_2070",5795027.2296604,5713438.40936553,-0.0028318148061619
"127","South America","Sub_Region","Non_Forest","2020_2030",10717185.0303424,10541522.3234859,-0.00329985647736175
"128","South America","Sub_Region","Non_Forest","2020_2050",10717185.0303424,10253925.1016172,-0.00879865560371951
"129","South America","Sub_Region","Non_Forest","2020_2070",10717185.0303424,10401381.3124285,-0.0059641265384468
"130","South Asia","Sub_Region","Non_Forest","2020_2030",4366617.57997439,4267545.900861,-0.00457943600174437
"131","South Asia","Sub_Region","Non_Forest","2020_2050",4366617.57997439,4265582.21422571,-0.00467106027383313
"132","South Asia","Sub_Region","Non_Forest","2020_2070",4366617.57997439,4267259.1219624,-0.00459281480507701
"133","South-East Asia","Sub_Region","Non_Forest","2020_2030",2277585.34175769,2304238.14466569,0.00232956478119717
"134","South-East Asia","Sub_Region","Non_Forest","2020_2050",2277585.34175769,2323376.49937214,0.00398907409129534
"135","South-East Asia","Sub_Region","Non_Forest","2020_2070",2277585.34175769,2349559.43589818,0.006241802438405
"136","Southern Africa","Sub_Region","Non_Forest","2020_2030",4263967.69428579,4169190.0475075,-0.00448557496610447
"137","Southern Africa","Sub_Region","Non_Forest","2020_2050",4263967.69428579,3919534.49204794,-0.0167043520261185
"138","Southern Africa","Sub_Region","Non_Forest","2020_2070",4263967.69428579,3821474.80282449,-0.0216743976919684
"139","West Africa","Sub_Region","Non_Forest","2020_2030",3198023.52039289,3131157.45895171,-0.00421713037042559
"140","West Africa","Sub_Region","Non_Forest","2020_2050",3198023.52039289,3007480.25095039,-0.0122109077175288
"141","West Africa","Sub_Region","Non_Forest","2020_2070",3198023.52039289,2981194.89244975,-0.0139436300378739
"142","Western Asia","Sub_Region","Non_Forest","2020_2030",1975377.19098128,2267346.96823553,0.0279537849282367
"143","Western Asia","Sub_Region","Non_Forest","2020_2050",1975377.19098128,2253958.90651945,0.0267369504862147
"144","Western Asia","Sub_Region","Non_Forest","2020_2070",1975377.19098128,2255522.01499662,0.0268793183186948
