"","SS","New_LU2","sort","S0","S1","S0_S1","sigma","h"
"2","AD1_2012__Yamaura 1","Cropland",4,"9",4,0.444444444444444,0.555555555555556,0.0173415299158326
"3","AD1_2012__Yamaura 1","Secondary_vegetation",1,"9",1,0.111111111111111,0.888888888888889,1.69350878084303e-05
"4","AD1_2012__Yamaura 1","Pasture",2,"9",2,0.222222222222222,0.777777777777778,0.000541922809869769
"5","AD1_2012__Yamaura 1","Permanent_crops",4.5,"9",4.5,0.5,0.5,0.03125
"7","BS1_2011__Jolli 1","Secondary_vegetation",1.25,"2",1.25,0.625,0.375,0.095367431640625
"9","BS1_2012__Naithani 1","Urban",5,"6.66666666666667",5,0.75,0.25,0.237304687499999
"14","DI1_2004__Naidoo 1","Cropland",1.16666666666667,"3.71875",1.16666666666667,0.313725490196078,0.686274509803922,0.00303912828687428
"15","DI1_2004__Naidoo 1","Secondary_vegetation",3.96666666666667,"3.71875",3.96666666666667,1.06666666666667,-0.0666666666666667,1.38084082304527
"20","DI1_2011__Dawson 1","Cropland",6,"20.8",6,0.288461538461538,0.711538461538462,0.00199728286942522
"21","DI1_2011__Dawson 1","Secondary_vegetation",14.3333333333333,"20.8",14.3333333333333,0.689102564102564,0.310897435897436,0.155388662839747
"23","DI1_2011__Neuschulz 1","Cropland",1,"1.25",1,0.8,0.2,0.32768
"24","DI1_2011__Neuschulz 1","Secondary_vegetation",1,"1.25",1,0.8,0.2,0.32768
"26","DI1_2012__Reid 1","Secondary_vegetation",11,"22.625",11,0.486187845303867,0.513812154696133,0.0271656741089406
"27","DI1_2012__Reid 1","Permanent_crops",12.625,"22.625",12.625,0.558011049723757,0.441988950276243,0.0541020840266108
"29","DI1_2013__Azhar 1","Cropland",1,"5.6",1,0.178571428571429,0.821428571428571,0.000181576593829952
"30","DI1_2013__Azhar 1","Permanent_crops",1.52,"5.6",1.52,0.271428571428571,0.728571428571429,0.00147325459629916
"32","DI1_2013__deLima 1","Cropland",1.0952380952381,"1.60606060606061",1.0952380952381,0.681940700808624,0.318059299191376,0.147479975845227
"33","DI1_2013__deLima 1","Secondary_vegetation",1.41666666666667,"1.60606060606061",1.41666666666667,0.882075471698111,0.117924528301889,0.533984594821397
"34","DI1_2013__deLima 1","Permanent_crops",1.07608695652174,"1.60606060606061",1.07608695652174,0.670016406890892,0.329983593109108,0.135029042371812
"36","DL1_2013__deThoisy 1","Secondary_vegetation",1,"1",1,1,0,1
"38","FB1_2007a_Barlow 1","Secondary_vegetation",35,"90",35,0.388888888888889,0.611111111111111,0.00889462564988399
"39","FB1_2007a_Barlow 1","Permanent_crops",17,"90",17,0.188888888888889,0.811111111111111,0.000240454029704144
"41","FB1_2007a_Barlow 2","Secondary_vegetation",26,"30",26,0.866666666666667,0.133333333333333,0.488945514403292
"42","FB1_2007a_Barlow 2","Permanent_crops",4,"30",4,0.133333333333333,0.866666666666667,4.21399176954732e-05
"44","HB1_2009__Parry 1","Secondary_vegetation",1,"3",1,0.333333333333333,0.666666666666667,0.00411522633744855
"46","HP1_2006__Wunderle 1","Secondary_vegetation",12.5,"12.1052631578947",12.5,1.03260869565218,-0.0326086956521769,1.17402917584932
"55","HP1_2008__Farwig 1","Secondary_vegetation",8,"12.3333333333333",8,0.64864864864865,0.35135135135135,0.114827943839434
"56","HP1_2008__Farwig 1","Permanent_crops",10.7777777777778,"12.3333333333333",10.7777777777778,0.873873873873876,0.126126126126124,0.509616848000745
"58","HP1_2008__Gomes 1","Secondary_vegetation",20,"21.6666666666667",20,0.923076923076922,0.0769230769230783,0.670176922268931
"59","HP1_2008__Gomes 1","Pasture",16,"21.6666666666667",16,0.738461538461537,0.261538461538463,0.219603573889083
"61","HP1_2008__Ranganathan 1","Secondary_vegetation",2,"4.16666666666667",2,0.48,0.52,0.0254803967999999
"62","HP1_2008__Ranganathan 1","Permanent_crops",2.36363636363636,"4.16666666666667",2.36363636363636,0.567272727272727,0.432727272727273,0.0587434599540665
"64","HP1_2009__Kessler 5","Permanent_crops",5.54545454545455,"14",5.54545454545455,0.396103896103896,0.603896103896104,0.00975091949537001
"70","HW1_2007__Chapman 1","Cropland",1.2,"1.47368421052632",1.2,0.814285714285712,0.185714285714288,0.358000866900691
"71","HW1_2007__Chapman 1","Pasture",1.46153846153846,"1.47368421052632",1.46153846153846,0.991758241758239,0.0082417582417611,0.959464899268008
"72","HW1_2007__Chapman 1","Permanent_crops",1.2,"1.47368421052632",1.2,0.814285714285712,0.185714285714288,0.358000866900691
"73","HW1_2007__Chapman 1","Urban",1.11475409836066,"1.47368421052632",1.11475409836066,0.756440281030443,0.243559718969557,0.247669904410049
"75","HW1_2008__Lantschner 1","Permanent_crops",1,"1.5",1,0.666666666666667,0.333333333333333,0.131687242798354
"88","KS1_2005__Pons 1","Secondary_vegetation",1.4,"1.57142857142857",1.4,0.890909090909092,0.109090909090908,0.561263697089744
"96","MG1_2008__Paritsis 3","Secondary_vegetation",1.5,"2.5",1.5,0.6,0.4,0.07776
"97","MG1_2008__Paritsis 3","Permanent_crops",1,"2.5",1,0.4,0.6,0.01024
"99","MH1_2010__Sheldon 1","Permanent_crops",5.86363636363636,"16",5.86363636363636,0.366477272727273,0.633522727272727,0.0066105140726589
"101","MH1_2011__Phalan 1","Permanent_crops",1,"12.25",1,0.0816326530612245,0.918367346938776,3.62509637083283e-06
"115","SC1_2005__Marsh 1","Secondary_vegetation",1.5,"2.05555555555556",1.5,0.729729729729728,0.270270270270272,0.20692368334273
"116","SC1_2005__Marsh 1","Permanent_crops",1.93333333333333,"2.05555555555556",1.93333333333333,0.940540540540539,0.0594594594594614,0.736016582954438
"118","SC1_2010__Marsh 2","Secondary_vegetation",1.27272727272727,"1.18181818181818",1.27272727272727,1.07692307692308,-0.0769230769230784,1.44851640079399
"119","SC1_2010__Marsh 2","Permanent_crops",1.5,"1.18181818181818",1.5,1.26923076923077,-0.269230769230771,3.29384349085496
"124","TN1_1998__Owiunji 1","Secondary_vegetation",14.6666666666667,"14.5",14.6666666666667,1.01149425287356,-0.0114942528735631,1.05880771629496
"126","TN1_2006__Soh 1","Cropland",7,"13",7,0.538461538461538,0.461538461538462,0.0452661375248119
"127","TN1_2006__Soh 1","Cannot decide",18.5,"13",18.5,1.42307692307692,-0.423076923076923,5.8363574219013
"128","TN1_2006__Soh 1","Permanent_crops",15,"13",15,1.15384615384615,-0.153846153846154,2.04521765829143
"130","TN1_2007__ODea 1","Cropland",6.90384615384615,"8.30612244897959",6.90384615384615,0.831175581175581,0.168824418824419,0.39670153298516
"131","TN1_2007__ODea 1","Secondary_vegetation",10.4791666666667,"8.30612244897959",10.4791666666667,1.26161957411957,-0.261619574119574,3.19625994571034
"135","VK1_2012__Otto 1","Secondary_vegetation",1.78787878787879,"1.81707317073171",1.78787878787879,0.983933292658123,0.0160667073418767,0.922206711795738
"137","VK1_2012__Otto 2","Secondary_vegetation",1.33333333333333,"1.43181818181818",1.33333333333333,0.931216931216932,0.0687830687830677,0.70025193600799
